DATE,SERIES,OPEN,HIGH,LOW,PREV. CLOSE,LTP,CLOSE,VWAP,52W H,52W L,VOLUME,VALUE,NO. OF  TRADES
16-Apr-26,EQ,"37,375.00","37,565.00","36,950.00","37,080.00","37,415.00","37,440.00","37,277.81","41,945.00","26,580.00",31261,"1,16,53,41,590.00",12792
15-Apr-26,EQ,"37,100.00","37,235.00","36,415.00","36,615.00","37,125.00","37,080.00","36,899.09","41,945.00","26,580.00",92805,"3,42,44,20,280.00",29405
13-Apr-26,EQ,"36,665.00","37,385.00","36,420.00","37,330.00","36,615.00","36,615.00","36,867.91","41,945.00","26,580.00",57408,"2,11,65,13,145.00",20285
10-Apr-26,EQ,"36,990.00","37,670.00","36,850.00","36,770.00","37,300.00","37,330.00","37,303.58","41,945.00","25,921.60",83719,"3,12,30,18,515.00",28374
09-Apr-26,EQ,"36,180.00","37,570.00","35,825.00","35,935.00","36,610.00","36,770.00","36,721.32","41,945.00","25,921.60",262676,"9,64,58,08,530.00",77065
08-Apr-26,EQ,"34,250.00","36,300.00","34,250.00","33,445.00","35,855.00","35,935.00","35,485.17","41,945.00","25,921.60",107352,"3,80,94,04,290.00",38872
07-Apr-26,EQ,"33,360.00","33,800.00","32,555.00","33,460.00","33,620.00","33,445.00","33,173.60","41,945.00","25,921.60",57128,"1,89,51,41,240.00",23260
06-Apr-26,EQ,"32,155.00","33,535.00","32,155.00","32,135.00","33,410.00","33,460.00","32,968.42","41,945.00","25,921.60",65114,"2,14,67,05,640.00",25473
02-Apr-26,EQ,"30,035.00","32,325.00","29,900.00","30,635.00","32,205.00","32,135.00","31,559.52","41,945.00","25,921.60",85448,"2,69,66,98,060.00",35735
01-Apr-26,EQ,"29,445.00","31,085.00","29,120.00","28,745.00","30,775.00","30,635.00","30,585.46","41,945.00","25,921.60",70699,"2,16,23,61,085.00",29243
30-Mar-26,EQ,"29,220.00","29,470.00","28,610.00","29,615.00","28,750.00","28,745.00","28,926.91","41,945.00","25,921.60",39061,"1,12,99,13,970.00",15054
27-Mar-26,EQ,"30,395.00","30,480.00","29,515.00","30,390.00","29,600.00","29,615.00","29,776.75","41,945.00","25,921.60",31803,"94,69,90,130.00",14476
25-Mar-26,EQ,"30,340.00","30,705.00","30,180.00","30,080.00","30,405.00","30,390.00","30,472.08","41,945.00","25,921.60",17887,"54,50,54,155.00",7035
24-Mar-26,EQ,"29,650.00","30,250.00","29,400.00","29,135.00","30,050.00","30,080.00","29,859.23","41,945.00","25,921.60",27727,"82,79,06,995.00",12583
23-Mar-26,EQ,"30,220.00","30,300.00","29,000.00","30,390.00","29,270.00","29,135.00","29,433.63","41,945.00","25,921.60",25264,"74,36,11,140.00",11147
20-Mar-26,EQ,"30,300.00","30,825.00","30,280.00","30,135.00","30,440.00","30,390.00","30,524.04","41,945.00","25,921.60",30424,"92,86,63,415.00",8943
19-Mar-26,EQ,"30,520.00","30,600.00","29,945.00","31,005.00","30,300.00","30,135.00","30,240.29","41,945.00","25,921.60",12551,"37,95,45,900.00",5905
18-Mar-26,EQ,"30,780.00","31,275.00","30,635.00","30,645.00","31,000.00","31,005.00","31,046.37","41,945.00","25,921.60",14836,"46,06,03,965.00",7201
17-Mar-26,EQ,"30,595.00","30,910.00","30,390.00","30,355.00","30,750.00","30,645.00","30,639.24","41,945.00","25,921.60",11579,"35,47,71,755.00",6258
16-Mar-26,EQ,"30,260.00","30,580.00","29,815.00","30,185.00","30,475.00","30,355.00","30,231.71","41,945.00","25,921.60",16874,"51,01,29,800.00",8738
13-Mar-26,EQ,"31,000.00","31,325.00","30,100.00","31,305.00","30,260.00","30,185.00","30,504.47","41,945.00","25,921.60",20427,"62,31,14,805.00",9445
12-Mar-26,EQ,"31,620.00","31,620.00","30,815.00","31,715.00","31,300.00","31,305.00","31,213.76","41,945.00","25,921.60",27041,"84,40,51,150.00",12225
11-Mar-26,EQ,"32,175.00","32,430.00","31,620.00","32,080.00","31,690.00","31,715.00","31,916.04","41,945.00","25,921.60",18909,"60,35,00,340.00",9716
10-Mar-26,EQ,"31,940.00","32,270.00","31,650.00","31,600.00","32,240.00","32,080.00","31,963.67","41,945.00","25,921.60",17509,"55,96,51,895.00",9632
09-Mar-26,EQ,"32,850.00","32,850.00","31,470.00","33,335.00","31,600.00","31,600.00","31,861.36","41,945.00","25,921.60",23866,"76,04,03,235.00",12711
06-Mar-26,EQ,"33,305.00","33,610.00","32,920.00","33,230.00","33,375.00","33,335.00","33,274.58","41,945.00","25,921.60",17779,"59,15,88,670.00",7773
05-Mar-26,EQ,"33,450.00","33,715.00","33,005.00","33,390.00","33,305.00","33,230.00","33,280.57","41,945.00","25,921.60",22632,"75,32,05,960.00",11033
04-Mar-26,EQ,"34,900.00","34,900.00","33,300.00","35,370.00","33,340.00","33,390.00","33,765.31","41,945.00","25,921.60",50693,"1,71,16,64,765.00",23190
02-Mar-26,EQ,"35,855.00","36,175.00","35,000.00","36,425.00","35,430.00","35,370.00","35,435.53","41,945.00","25,921.60",20579,"72,92,27,870.00",9370
27-Feb-26,EQ,"36,795.00","36,835.00","35,960.00","36,740.00","36,400.00","36,425.00","36,349.68","41,945.00","25,921.60",32321,"1,17,48,58,070.00",12399
26-Feb-26,EQ,"36,590.00","36,825.00","36,200.00","36,570.00","36,690.00","36,740.00","36,546.76","41,945.00","25,921.60",16218,"59,27,15,400.00",7852
25-Feb-26,EQ,"35,430.00","37,455.00","35,430.00","35,330.00","36,660.00","36,570.00","36,749.88","41,945.00","25,921.60",62472,"2,29,58,38,440.00",24535
24-Feb-26,EQ,"35,320.00","35,490.00","34,855.00","35,340.00","35,380.00","35,330.00","35,116.21","41,945.00","25,921.60",11570,"40,62,94,535.00",5538
23-Feb-26,EQ,"35,165.00","35,630.00","35,140.00","35,215.00","35,270.00","35,340.00","35,321.25","41,945.00","25,921.60",9208,"32,52,38,095.00",4995
20-Feb-26,EQ,"35,055.00","35,665.00","34,730.00","35,015.00","35,280.00","35,215.00","35,212.56","41,945.00","25,921.60",25449,"89,61,24,535.00",9192
19-Feb-26,EQ,"35,800.00","35,960.00","34,890.00","35,695.00","34,890.00","35,015.00","35,451.08","41,945.00","25,921.60",10448,"37,03,92,835.00",5688
18-Feb-26,EQ,"35,430.00","35,775.00","35,205.00","35,370.00","35,760.00","35,695.00","35,479.89","41,945.00","25,921.60",10776,"38,23,31,275.00",5540
17-Feb-26,EQ,"35,485.00","35,655.00","35,220.00","35,485.00","35,350.00","35,370.00","35,446.89","41,945.00","25,921.60",12706,"45,03,88,130.00",6056
16-Feb-26,EQ,"35,695.00","35,805.00","35,275.00","35,695.00","35,510.00","35,485.00","35,474.68","41,945.00","25,921.60",9980,"35,40,37,320.00",4868
13-Feb-26,EQ,"36,415.00","36,420.00","35,600.00","36,495.00","35,700.00","35,695.00","35,913.94","41,945.00","25,921.60",13848,"49,73,36,195.00",6706
12-Feb-26,EQ,"36,570.00","36,750.00","36,310.00","36,570.00","36,540.00","36,495.00","36,516.31","41,945.00","25,921.60",9373,"34,22,67,345.00",5115
11-Feb-26,EQ,"35,580.00","36,645.00","35,440.00","35,575.00","36,475.00","36,570.00","36,179.23","41,945.00","25,921.60",24918,"90,15,13,940.00",11079
10-Feb-26,EQ,"35,650.00","35,925.00","35,200.00","35,630.00","35,540.00","35,575.00","35,649.70","41,945.00","25,921.60",19847,"70,75,39,560.00",8054
09-Feb-26,EQ,"36,630.00","36,680.00","35,525.00","36,340.00","35,670.00","35,630.00","36,050.92","41,945.00","25,921.60",31240,"1,12,62,30,780.00",15134
06-Feb-26,EQ,"36,275.00","36,460.00","35,775.00","36,275.00","36,275.00","36,340.00","36,047.42","41,945.00","25,921.60",18833,"67,88,81,105.00",8960
05-Feb-26,EQ,"36,710.00","36,745.00","36,070.00","36,710.00","36,100.00","36,275.00","36,362.95","41,945.00","25,921.60",16466,"59,87,52,345.00",6019
04-Feb-26,EQ,"37,700.00","38,620.00","36,320.00","37,740.00","36,500.00","36,710.00","37,345.49","41,945.00","25,921.60",33811,"1,26,26,88,370.00",16789
03-Feb-26,EQ,"37,995.00","37,995.00","37,235.00","36,605.00","37,750.00","37,740.00","37,582.85","41,945.00","25,921.60",28817,"1,08,30,25,015.00",9535
02-Feb-26,EQ,"36,000.00","36,720.00","35,670.00","36,130.00","36,480.00","36,605.00","36,341.85","41,945.00","25,921.60",11666,"42,39,63,985.00",5235
01-Feb-26,EQ,"36,530.00","36,570.00","35,500.00","36,530.00","35,995.00","36,130.00","36,124.25","41,945.00","25,921.60",7701,"27,81,92,885.00",3776
30-Jan-26,EQ,"35,900.00","36,750.00","35,555.00","36,015.00","36,500.00","36,530.00","36,307.74","41,945.00","25,921.60",24729,"89,78,54,160.00",8350
29-Jan-26,EQ,"35,960.00","36,335.00","35,750.00","36,185.00","36,000.00","36,015.00","36,030.12","41,945.00","25,921.60",16931,"61,00,25,910.00",6119
28-Jan-26,EQ,"35,500.00","36,285.00","35,035.00","35,310.00","36,000.00","36,185.00","35,689.40","41,945.00","25,921.60",15229,"54,35,13,915.00",7532
27-Jan-26,EQ,"35,395.00","35,840.00","34,930.00","35,265.00","35,525.00","35,310.00","35,194.60","41,945.00","25,921.60",18829,"66,26,79,155.00",8060
23-Jan-26,EQ,"35,865.00","35,865.00","35,140.00","35,710.00","35,350.00","35,265.00","35,410.19","41,945.00","25,921.60",26686,"94,49,56,405.00",10104
22-Jan-26,EQ,"35,305.00","36,010.00","35,305.00","35,130.00","35,870.00","35,710.00","35,612.72","41,945.00","25,921.60",21264,"75,72,68,790.00",8560
21-Jan-26,EQ,"35,510.00","35,655.00","34,610.00","35,575.00","35,150.00","35,130.00","35,096.97","41,945.00","25,921.60",34584,"1,21,37,93,520.00",12861
20-Jan-26,EQ,"36,350.00","36,380.00","35,425.00","36,510.00","35,615.00","35,575.00","35,865.12","41,945.00","25,921.60",40077,"1,43,73,66,305.00",15366
19-Jan-26,EQ,"36,540.00","36,875.00","36,325.00","36,835.00","36,335.00","36,510.00","36,658.39","41,945.00","25,921.60",19572,"71,74,78,085.00",7727
16-Jan-26,EQ,"37,420.00","37,520.00","36,730.00","37,455.00","36,745.00","36,835.00","37,030.65","41,945.00","25,921.60",34171,"1,26,53,74,395.00",13039
14-Jan-26,EQ,"37,900.00","38,255.00","36,930.00","37,905.00","37,455.00","37,455.00","37,744.41","41,945.00","25,921.60",22519,"84,99,66,445.00",9121
13-Jan-26,EQ,"37,745.00","38,015.00","37,300.00","37,660.00","37,890.00","37,905.00","37,703.58","41,945.00","25,921.60",28392,"1,07,04,79,910.00",13551
12-Jan-26,EQ,"38,200.00","38,205.00","36,870.00","37,995.00","37,650.00","37,660.00","37,330.41","41,945.00","25,921.60",30844,"1,15,14,19,155.00",14169
09-Jan-26,EQ,"38,500.00","38,895.00","37,665.00","38,660.00","37,990.00","37,995.00","38,285.01","41,945.00","25,921.60",33463,"1,28,11,31,350.00",14156
08-Jan-26,EQ,"39,025.00","39,200.00","38,405.00","39,145.00","38,545.00","38,660.00","38,702.60","41,945.00","25,921.60",27794,"1,07,57,00,160.00",11279
07-Jan-26,EQ,"38,700.00","39,265.00","38,105.00","38,960.00","39,150.00","39,145.00","38,802.12","41,945.00","25,921.60",39290,"1,52,45,35,150.00",16671
06-Jan-26,EQ,"38,710.00","39,375.00","38,695.00","39,170.00","38,950.00","38,960.00","39,082.37","41,945.00","25,921.60",31988,"1,25,01,67,000.00",13741
05-Jan-26,EQ,"39,010.00","39,550.00","38,760.00","39,420.00","39,075.00","39,170.00","39,185.82","41,945.00","25,921.60",47881,"1,87,62,56,295.00",19269
02-Jan-26,EQ,"36,170.00","39,600.00","36,150.00","36,140.00","39,195.00","39,420.00","38,774.31","41,945.00","25,921.60",185984,"7,21,14,01,195.00",61527
01-Jan-26,EQ,"36,040.00","36,270.00","35,755.00","36,040.00","36,170.00","36,140.00","36,001.09","41,945.00","25,921.60",6055,"21,79,86,575.00",3070
31-Dec-25,EQ,"35,700.00","36,310.00","35,700.00","35,525.00","36,095.00","36,040.00","36,014.92","41,945.00","25,921.60",13573,"48,88,30,525.00",6603
30-Dec-25,EQ,"35,630.00","35,750.00","34,990.00","35,630.00","35,745.00","35,525.00","35,419.29","41,945.00","25,921.60",88747,"3,14,33,55,495.00",32776
29-Dec-25,EQ,"36,000.00","36,030.00","35,540.00","35,855.00","35,680.00","35,630.00","35,795.67","41,945.00","25,921.60",13152,"47,07,84,680.00",5120
26-Dec-25,EQ,"36,045.00","36,340.00","35,755.00","36,195.00","35,825.00","35,855.00","36,002.13","41,945.00","25,921.60",14945,"53,80,51,840.00",6108
24-Dec-25,EQ,"36,210.00","36,470.00","36,010.00","36,305.00","36,150.00","36,195.00","36,269.54","41,945.00","25,921.60",16626,"60,30,17,295.00",5426
23-Dec-25,EQ,"36,165.00","36,500.00","35,840.00","36,160.00","36,300.00","36,305.00","36,158.51","41,945.00","25,921.60",11103,"40,14,67,935.00",3837
22-Dec-25,EQ,"35,800.00","36,230.00","35,800.00","35,940.00","36,150.00","36,160.00","36,018.36","41,945.00","25,921.60",16457,"59,27,54,205.00",6179
19-Dec-25,EQ,"35,745.00","36,295.00","35,615.00","35,720.00","36,000.00","35,940.00","35,897.87","41,945.00","25,921.60",40192,"1,44,28,07,070.00",11489
18-Dec-25,EQ,"36,090.00","36,090.00","35,550.00","35,975.00","35,750.00","35,720.00","35,702.41","41,945.00","25,921.60",10780,"38,48,71,930.00",6396
17-Dec-25,EQ,"36,380.00","36,380.00","35,850.00","36,230.00","35,950.00","35,975.00","36,012.29","41,945.00","25,921.60",9258,"33,34,01,760.00",5422
16-Dec-25,EQ,"36,400.00","36,410.00","35,950.00","36,400.00","36,230.00","36,230.00","36,140.27","41,945.00","25,921.60",11179,"40,40,12,115.00",5156
15-Dec-25,EQ,"36,870.00","36,870.00","36,340.00","36,715.00","36,390.00","36,400.00","36,448.47","41,945.00","25,921.60",4956,"18,06,38,635.00",2801
12-Dec-25,EQ,"36,880.00","36,950.00","36,285.00","36,880.00","36,625.00","36,715.00","36,581.29","41,945.00","25,921.60",11065,"40,47,71,995.00",4951
11-Dec-25,EQ,"36,590.00","36,970.00","36,215.00","36,400.00","36,920.00","36,880.00","36,750.47","41,945.00","25,921.60",7160,"26,31,33,400.00",3867
10-Dec-25,EQ,"36,850.00","36,950.00","36,315.00","36,780.00","36,425.00","36,400.00","36,546.72","41,945.00","25,921.60",8636,"31,56,17,490.00",4631
09-Dec-25,EQ,"36,660.00","36,885.00","36,285.00","36,595.00","36,840.00","36,780.00","36,615.60","41,945.00","25,921.60",15770,"57,74,27,950.00",7145
08-Dec-25,EQ,"37,000.00","37,080.00","36,395.00","36,920.00","36,555.00","36,595.00","36,642.49","41,945.00","25,921.60",17000,"62,29,22,275.00",7744
05-Dec-25,EQ,"36,985.00","37,035.00","36,595.00","36,845.00","36,850.00","36,920.00","36,875.88","41,945.00","25,921.60",9244,"34,08,80,645.00",4003
04-Dec-25,EQ,"36,580.00","37,250.00","36,570.00","36,580.00","36,900.00","36,845.00","36,927.36","41,945.00","25,921.60",38002,"1,40,33,13,695.00",15522
03-Dec-25,EQ,"36,850.00","36,850.00","36,160.00","36,660.00","36,600.00","36,580.00","36,502.95","41,945.00","25,921.60",22910,"83,62,82,485.00",6918
02-Dec-25,EQ,"36,360.00","36,900.00","36,345.00","36,335.00","36,700.00","36,660.00","36,680.74","41,945.00","25,921.60",26398,"96,82,98,140.00",10245
01-Dec-25,EQ,"36,280.00","36,485.00","36,160.00","36,110.00","36,410.00","36,335.00","36,316.99","41,945.00","25,921.60",16521,"59,99,92,920.00",6294
28-Nov-25,EQ,"36,205.00","36,455.00","36,070.00","36,320.00","36,075.00","36,110.00","36,205.11","41,945.00","25,921.60",14473,"52,39,96,555.00",6115
27-Nov-25,EQ,"36,700.00","36,700.00","36,050.00","36,485.00","36,300.00","36,320.00","36,244.14","41,945.00","25,921.60",12118,"43,92,06,505.00",6460
26-Nov-25,EQ,"35,925.00","36,590.00","35,805.00","35,770.00","36,295.00","36,485.00","36,281.85","41,945.00","25,921.60",14212,"51,56,37,640.00",6625
25-Nov-25,EQ,"36,400.00","36,400.00","35,680.00","36,200.00","35,750.00","35,770.00","35,905.48","41,945.00","25,921.60",14140,"50,77,03,440.00",7373
24-Nov-25,EQ,"36,500.00","36,685.00","36,080.00","36,500.00","36,220.00","36,200.00","36,224.89","41,945.00","25,921.60",30421,"1,10,19,97,335.00",11938
21-Nov-25,EQ,"37,140.00","37,140.00","36,420.00","37,050.00","36,495.00","36,500.00","36,678.63","41,945.00","25,921.60",12455,"45,68,32,380.00",6769
20-Nov-25,EQ,"36,970.00","37,195.00","36,805.00","36,870.00","37,055.00","37,050.00","37,047.74","41,945.00","25,921.60",18123,"67,14,16,150.00",5989
19-Nov-25,EQ,"37,065.00","37,185.00","36,600.00","37,045.00","36,850.00","36,870.00","36,822.13","41,945.00","25,921.60",18670,"68,74,69,220.00",7493
18-Nov-25,EQ,"37,450.00","37,470.00","36,720.00","37,450.00","37,065.00","37,045.00","36,985.13","41,945.00","25,921.60",17257,"63,82,52,350.00",7096
17-Nov-25,EQ,"37,000.00","37,585.00","36,915.00","36,955.00","37,355.00","37,450.00","37,336.11","41,945.00","25,921.60",24671,"92,11,19,070.00",9078
14-Nov-25,EQ,"37,235.00","37,285.00","36,655.00","37,385.00","36,895.00","36,955.00","36,906.07","41,945.00","25,921.60",23119,"85,32,31,500.00",9583
13-Nov-25,EQ,"37,150.00","37,650.00","36,945.00","37,255.00","37,120.00","37,385.00","37,341.83","41,945.00","25,921.60",24679,"92,15,58,950.00",10744
12-Nov-25,EQ,"36,610.00","37,345.00","35,750.00","36,680.00","37,160.00","37,255.00","36,565.97","41,945.00","25,921.60",53670,"1,96,24,95,700.00",19986
11-Nov-25,EQ,"37,280.00","37,365.00","36,500.00","37,280.00","36,600.00","36,680.00","36,880.15","41,945.00","25,921.60",36836,"1,35,85,17,130.00",15860
10-Nov-25,EQ,"37,000.00","37,495.00","36,715.00","36,810.00","37,200.00","37,280.00","37,171.70","41,945.00","25,921.60",17223,"64,02,08,105.00",7099
07-Nov-25,EQ,"36,985.00","37,100.00","36,610.00","37,020.00","36,800.00","36,810.00","36,770.68","41,945.00","25,921.60",13122,"48,25,04,925.00",7261
06-Nov-25,EQ,"37,950.00","37,950.00","36,845.00","37,850.00","37,100.00","37,020.00","37,093.21","41,945.00","25,921.60",28881,"1,07,12,88,960.00",12795
04-Nov-25,EQ,"37,025.00","37,925.00","36,805.00","37,025.00","37,650.00","37,850.00","37,549.71","41,945.00","25,921.60",29198,"1,09,63,76,495.00",12308
03-Nov-25,EQ,"37,200.00","37,250.00","36,520.00","37,245.00","37,090.00","37,025.00","36,831.19","41,945.00","25,921.60",36510,"1,34,47,06,735.00",16476
31-Oct-25,EQ,"37,410.00","37,550.00","37,010.00","37,210.00","37,300.00","37,245.00","37,240.58","41,945.00","25,921.60",19072,"71,02,52,315.00",8791
30-Oct-25,EQ,"37,500.00","37,570.00","36,970.00","37,380.00","37,240.00","37,210.00","37,186.99","41,945.00","25,921.60",24286,"90,31,23,140.00",10045
29-Oct-25,EQ,"37,915.00","38,095.00","36,800.00","38,540.00","37,420.00","37,380.00","37,353.74","41,945.00","25,921.60",49599,"1,85,27,08,185.00",20830
28-Oct-25,EQ,"38,855.00","39,370.00","38,445.00","39,005.00","38,480.00","38,540.00","38,845.43","41,945.00","25,921.60",16377,"63,61,71,645.00",8956
27-Oct-25,EQ,"38,775.00","39,090.00","38,435.00","38,585.00","39,000.00","39,005.00","38,777.94","41,945.00","25,921.60",9671,"37,50,21,445.00",4626
24-Oct-25,EQ,"39,190.00","39,190.00","38,400.00","38,920.00","38,600.00","38,585.00","38,657.95","41,945.00","25,921.60",11903,"46,01,45,575.00",5730
23-Oct-25,EQ,"39,490.00","39,520.00","38,825.00","39,200.00","38,860.00","38,920.00","39,227.73","41,945.00","25,921.60",11758,"46,12,39,665.00",5932
21-Oct-25,EQ,"39,510.00","39,510.00","39,020.00","39,215.00","39,200.00","39,200.00","39,246.84","41,945.00","25,921.60",1943,"7,62,56,610.00",1017
20-Oct-25,EQ,"38,585.00","39,515.00","38,585.00","38,755.00","39,185.00","39,215.00","39,100.85","41,945.00","25,921.60",19865,"77,67,38,370.00",8670
17-Oct-25,EQ,"38,490.00","38,850.00","38,345.00","38,510.00","38,715.00","38,755.00","38,588.92","41,945.00","25,921.60",19212,"74,13,70,340.00",7536
16-Oct-25,EQ,"38,480.00","38,665.00","38,270.00","38,380.00","38,370.00","38,510.00","38,538.92","41,945.00","25,921.60",16716,"64,42,16,505.00",6079
15-Oct-25,EQ,"38,070.00","38,595.00","37,985.00","38,010.00","38,370.00","38,380.00","38,417.83","41,945.00","25,921.60",22583,"86,75,89,900.00",10351
14-Oct-25,EQ,"38,535.00","38,640.00","37,340.00","38,535.00","38,000.00","38,010.00","37,801.48","41,945.00","25,921.60",32330,"1,22,21,21,940.00",12889
13-Oct-25,EQ,"38,655.00","38,810.00","38,370.00","38,625.00","38,450.00","38,535.00","38,592.11","41,945.00","25,921.60",14360,"55,41,82,645.00",7245
10-Oct-25,EQ,"38,480.00","38,890.00","38,315.00","38,465.00","38,435.00","38,625.00","38,710.26","41,945.00","25,921.60",11241,"43,51,42,040.00",4734
09-Oct-25,EQ,"38,450.00","38,555.00","38,105.00","38,350.00","38,495.00","38,465.00","38,368.39","41,945.00","25,921.60",17549,"67,33,26,945.00",8310
08-Oct-25,EQ,"38,750.00","38,945.00","38,255.00","38,770.00","38,310.00","38,350.00","38,531.84","41,945.00","25,921.60",14990,"57,75,92,235.00",6453
07-Oct-25,EQ,"38,800.00","39,125.00","38,690.00","38,800.00","38,875.00","38,770.00","38,839.77","41,945.00","25,921.60",15407,"59,84,04,305.00",5753
06-Oct-25,EQ,"38,700.00","38,900.00","38,385.00","38,630.00","38,900.00","38,800.00","38,665.45","41,945.00","25,921.60",11383,"44,01,28,835.00",6155
03-Oct-25,EQ,"38,320.00","38,705.00","38,010.00","38,320.00","38,555.00","38,630.00","38,357.57","41,945.00","25,921.60",22284,"85,47,59,980.00",9758
01-Oct-25,EQ,"38,145.00","38,465.00","37,895.00","38,145.00","38,445.00","38,320.00","38,213.85","41,945.00","25,921.60",31571,"1,20,64,49,430.00",11701
30-Sep-25,EQ,"38,000.00","38,470.00","37,905.00","38,345.00","38,295.00","38,145.00","38,139.71","41,945.00","25,921.60",16286,"62,11,43,285.00",8594
29-Sep-25,EQ,"38,165.00","38,600.00","37,635.00","38,150.00","38,250.00","38,345.00","38,216.19","41,945.00","25,921.60",67770,"2,58,99,10,875.00",28331
26-Sep-25,EQ,"38,430.00","38,720.00","38,050.00","38,525.00","38,175.00","38,150.00","38,403.03","41,945.00","25,921.60",28075,"1,07,81,65,020.00",10657
25-Sep-25,EQ,"38,890.00","39,000.00","38,365.00","38,760.00","38,420.00","38,525.00","38,734.47","41,945.00","25,921.60",34109,"1,32,11,94,000.00",13059
24-Sep-25,EQ,"39,520.00","39,595.00","38,665.00","39,390.00","38,700.00","38,760.00","39,017.82","41,945.00","25,921.60",22613,"88,23,10,020.00",7226
23-Sep-25,EQ,"39,570.00","40,055.00","39,300.00","39,570.00","39,520.00","39,390.00","39,552.01","41,945.00","25,921.60",30113,"1,19,10,29,805.00",10851
22-Sep-25,EQ,"39,790.00","40,050.00","39,400.00","39,790.00","39,505.00","39,570.00","39,721.28","41,945.00","25,921.60",32201,"1,27,90,65,030.00",12035
19-Sep-25,EQ,"39,985.00","40,130.00","39,400.00","39,885.00","39,800.00","39,790.00","39,730.26","41,945.00","25,921.60",31662,"1,25,79,39,340.00",10801
18-Sep-25,EQ,"40,000.00","40,060.00","39,780.00","39,775.00","39,950.00","39,885.00","39,893.05","41,945.00","25,921.60",19976,"79,69,03,585.00",7136
17-Sep-25,EQ,"39,995.00","40,190.00","39,725.00","39,920.00","39,855.00","39,775.00","39,890.61","41,945.00","25,921.60",29814,"1,18,92,98,520.00",10229
16-Sep-25,EQ,"39,605.00","40,050.00","39,595.00","39,445.00","39,950.00","39,920.00","39,857.68","41,945.00","25,921.60",34458,"1,37,34,16,005.00",13598
15-Sep-25,EQ,"40,040.00","40,040.00","39,260.00","39,885.00","39,575.00","39,445.00","39,516.12","41,945.00","25,921.60",21503,"84,97,15,180.00",9427
12-Sep-25,EQ,"40,780.00","40,890.00","39,790.00","40,655.00","39,880.00","39,885.00","40,207.19","41,945.00","25,921.60",24810,"99,75,40,390.00",10127
11-Sep-25,EQ,"41,190.00","41,200.00","40,400.00","41,005.00","40,555.00","40,655.00","40,740.36","41,945.00","25,921.60",24790,"1,00,99,53,620.00",9962
10-Sep-25,EQ,"41,700.00","41,945.00","40,955.00","41,495.00","41,060.00","41,005.00","41,245.99","41,945.00","25,921.60",29476,"1,21,57,66,885.00",11839
09-Sep-25,EQ,"41,450.00","41,640.00","41,095.00","41,355.00","41,500.00","41,495.00","41,427.97","41,835.00","25,921.60",25999,"1,07,70,85,775.00",9074
08-Sep-25,EQ,"41,100.00","41,760.00","41,000.00","40,910.00","41,405.00","41,355.00","41,447.32","41,835.00","25,921.60",16171,"67,02,44,630.00",7841
05-Sep-25,EQ,"41,075.00","41,095.00","40,755.00","40,740.00","40,900.00","40,910.00","40,929.28","41,835.00","25,921.60",16404,"67,14,03,910.00",5615
04-Sep-25,EQ,"41,660.00","41,660.00","40,540.00","41,100.00","40,800.00","40,740.00","40,946.91","41,835.00","25,921.60",27591,"1,12,97,66,205.00",12806
03-Sep-25,EQ,"41,500.00","41,835.00","41,000.00","41,315.00","41,110.00","41,100.00","41,380.20","41,835.00","25,921.60",31045,"1,28,46,48,405.00",11622
02-Sep-25,EQ,"40,900.00","41,575.00","40,675.00","40,785.00","41,285.00","41,315.00","41,226.22","41,575.00","25,921.60",38339,"1,58,05,72,160.00",13122
01-Sep-25,EQ,"40,220.00","40,950.00","40,010.00","39,960.00","40,700.00","40,785.00","40,584.98","41,290.00","25,921.60",45616,"1,85,13,24,400.00",16695
29-Aug-25,EQ,"39,455.00","40,350.00","39,060.00","39,225.00","39,960.00","39,960.00","39,831.54","41,290.00","25,921.60",46252,"1,84,22,88,465.00",16713
28-Aug-25,EQ,"39,700.00","39,960.00","39,070.00","39,510.00","39,205.00","39,225.00","39,550.24","41,290.00","25,921.60",33810,"1,33,71,93,565.00",14377
26-Aug-25,EQ,"39,200.00","39,655.00","38,800.00","39,085.00","39,410.00","39,510.00","39,383.82","41,290.00","25,921.60",32640,"1,28,54,87,995.00",10168
25-Aug-25,EQ,"39,325.00","39,535.00","38,950.00","39,325.00","39,110.00","39,085.00","39,192.55","41,290.00","25,921.60",33832,"1,32,59,62,230.00",9394
22-Aug-25,EQ,"39,725.00","39,780.00","39,165.00","39,475.00","39,345.00","39,325.00","39,416.69","41,290.00","25,921.60",14967,"58,99,49,640.00",6771
21-Aug-25,EQ,"40,075.00","40,105.00","39,360.00","39,935.00","39,500.00","39,475.00","39,670.12","41,290.00","25,921.60",21473,"85,18,36,485.00",7574
20-Aug-25,EQ,"39,920.00","40,280.00","39,830.00","39,860.00","39,910.00","39,935.00","40,004.64","41,290.00","25,921.60",18625,"74,50,86,480.00",7843
19-Aug-25,EQ,"39,495.00","40,245.00","39,365.00","39,335.00","39,825.00","39,860.00","39,863.54","41,290.00","25,921.60",25516,"1,01,71,58,090.00",10387
18-Aug-25,EQ,"39,000.00","39,895.00","38,870.00","38,585.00","39,360.00","39,335.00","39,460.30","41,290.00","25,921.60",28210,"1,11,31,75,200.00",11325
14-Aug-25,EQ,"38,880.00","38,950.00","38,430.00","38,660.00","38,490.00","38,585.00","38,603.64","41,290.00","25,921.60",23267,"89,81,90,880.00",9056
13-Aug-25,EQ,"38,795.00","38,910.00","38,510.00","38,610.00","38,700.00","38,660.00","38,691.46","41,290.00","25,921.60",13806,"53,41,74,300.00",5308
12-Aug-25,EQ,"39,000.00","39,010.00","38,540.00","38,710.00","38,600.00","38,610.00","38,779.14","41,290.00","25,921.60",20383,"79,04,35,210.00",7713
11-Aug-25,EQ,"38,540.00","39,080.00","38,320.00","38,325.00","38,630.00","38,710.00","38,724.57","41,290.00","25,921.60",31256,"1,21,03,75,030.00",10672
08-Aug-25,EQ,"38,570.00","39,150.00","38,220.00","38,570.00","38,385.00","38,325.00","38,711.05","41,290.00","25,921.60",32516,"1,25,87,28,375.00",13489
07-Aug-25,EQ,"38,225.00","38,750.00","37,900.00","38,255.00","38,690.00","38,570.00","38,419.40","41,290.00","25,921.60",54977,"2,11,21,83,345.00",20524
06-Aug-25,EQ,"40,500.00","40,555.00","38,150.00","40,595.00","38,170.00","38,255.00","38,731.49","41,290.00","25,921.60",103119,"3,99,39,53,000.00",37722
05-Aug-25,EQ,"41,145.00","41,290.00","39,445.00","41,115.00","40,650.00","40,595.00","40,551.11","41,290.00","25,921.60",114355,"4,63,72,22,275.00",44523
04-Aug-25,EQ,"40,150.00","41,280.00","40,035.00","40,390.00","41,210.00","41,115.00","40,877.88","41,280.00","25,921.60",66056,"2,70,02,29,435.00",26251
01-Aug-25,EQ,"40,375.00","40,730.00","40,105.00","40,385.00","40,115.00","40,390.00","40,466.15","40,730.00","25,921.60",59925,"2,42,49,33,965.00",18739
31-Jul-25,EQ,"39,500.00","40,490.00","39,325.00","40,060.00","40,310.00","40,385.00","40,171.28","40,490.00","25,921.60",46071,"1,85,07,30,970.00",18123
30-Jul-25,EQ,"40,000.00","40,415.00","39,125.00","39,915.00","40,105.00","40,060.00","39,950.87","40,415.00","25,921.60",100405,"4,01,12,67,050.00",31353
29-Jul-25,EQ,"37,700.00","40,120.00","37,615.00","38,235.00","40,090.00","39,915.00","39,197.39","40,120.00","25,921.60",89125,"3,49,34,67,080.00",32575
28-Jul-25,EQ,"38,140.00","38,530.00","37,810.00","37,830.00","38,205.00","38,235.00","38,218.15","39,088.80","25,921.60",37336,"1,42,69,12,960.00",14530
25-Jul-25,EQ,"38,115.00","38,115.00","37,610.00","37,910.00","37,800.00","37,830.00","37,789.79","39,088.80","25,921.60",17581,"66,43,82,250.00",7734
24-Jul-25,EQ,"37,980.00","38,350.00","37,825.00","37,980.00","37,925.00","37,910.00","38,050.92","39,088.80","25,921.60",19341,"73,59,42,905.00",8718
23-Jul-25,EQ,"37,800.00","38,060.00","37,515.00","37,755.00","37,980.00","37,980.00","37,785.68","39,088.80","25,921.60",20844,"78,76,04,665.00",9542
22-Jul-25,EQ,"38,500.00","38,515.00","37,425.00","38,320.00","37,750.00","37,755.00","37,824.90","39,088.80","25,921.60",26390,"99,81,99,190.00",12628
21-Jul-25,EQ,"38,495.00","38,565.00","38,010.00","38,250.00","38,365.00","38,320.00","38,294.11","39,088.80","25,921.60",24276,"92,96,27,785.00",10150
18-Jul-25,EQ,"38,645.00","39,055.00","38,150.00","38,645.00","38,310.00","38,250.00","38,607.55","39,088.80","25,921.60",32786,"1,26,57,87,225.00",12672
17-Jul-25,EQ,"38,600.00","38,855.00","38,275.00","38,475.00","38,570.00","38,645.00","38,558.52","39,088.80","25,921.60",40326,"1,55,49,10,745.00",14896
16-Jul-25,EQ,"38,570.00","38,570.00","37,845.00","38,320.00","38,455.00","38,475.00","38,276.98","39,088.80","25,921.60",42632,"1,63,18,24,165.00",17907
15-Jul-25,EQ,"37,990.00","38,850.00","37,885.00","37,845.00","38,265.00","38,320.00","38,412.16","39,088.80","25,921.60",69592,"2,67,31,79,020.00",27490
14-Jul-25,EQ,"36,785.00","37,985.00","36,525.00","36,525.00","37,900.00","37,845.00","37,394.45","39,088.80","25,921.60",75464,"2,82,19,35,045.00",28602
11-Jul-25,EQ,"36,200.00","37,410.00","36,155.00","36,195.00","36,500.00","36,525.00","36,798.17","39,088.80","25,921.60",81825,"3,01,10,09,875.00",33168
10-Jul-25,EQ,"35,725.00","36,300.00","35,620.00","35,800.00","36,280.00","36,195.00","35,979.48","39,088.80","25,921.60",40853,"1,46,98,69,625.00",14649
09-Jul-25,EQ,"35,500.00","36,095.00","35,265.00","35,490.00","35,700.00","35,800.00","35,754.52","39,088.80","25,921.60",40693,"1,45,49,58,790.00",17561
08-Jul-25,EQ,"35,990.00","36,335.00","35,380.00","36,045.00","35,485.00","35,490.00","35,804.82","39,088.80","25,921.60",83073,"2,97,44,13,950.00",27732
07-Jul-25,EQ,"35,760.00","36,340.00","35,375.00","35,930.00","36,155.00","36,045.00","35,977.58","39,088.80","25,921.60",90278,"3,24,79,83,860.00",33132
04-Jul-25,EQ,"34,380.00","36,020.00","34,330.00","34,405.00","35,815.00","35,930.00","35,517.70","39,088.80","25,921.60",173114,"6,14,86,11,865.00",60348
03-Jul-25,EQ,"32,545.00","34,875.00","32,450.00","32,445.00","34,400.00","34,405.00","33,967.75","39,088.80","25,921.60",120903,"4,10,68,02,455.00",43106
02-Jul-25,EQ,"32,400.00","32,545.00","32,215.00","32,315.00","32,475.00","32,445.00","32,356.78","39,088.80","25,921.60",18343,"59,35,20,425.00",6092
01-Jul-25,EQ,"32,660.00","32,670.00","32,120.00","32,680.00","32,350.00","32,315.00","32,343.86","39,088.80","25,921.60",13798,"44,62,80,595.00",7656
30-Jun-25,EQ,"32,660.00","32,895.00","32,440.00","32,260.00","32,600.00","32,680.00","32,676.80","39,088.80","25,921.60",32831,"1,07,28,12,030.00",12156
27-Jun-25,EQ,"32,490.00","32,495.00","32,020.00","32,215.00","32,315.00","32,260.00","32,264.76","39,088.80","25,921.60",83020,"2,67,86,20,125.00",23017
26-Jun-25,EQ,"31,895.00","32,400.00","31,525.00","31,755.00","32,100.00","32,215.00","31,761.05","39,088.80","25,921.60",40409,"1,28,34,32,185.00",15420
25-Jun-25,EQ,"31,705.00","32,085.00","31,470.00","31,500.00","31,780.00","31,755.00","31,792.07","39,088.80","25,921.60",28913,"91,92,03,985.00",12990
24-Jun-25,EQ,"32,000.00","32,000.00","31,435.00","31,575.00","31,520.00","31,500.00","31,655.45","39,088.80","25,921.60",15696,"49,68,63,900.00",6201
23-Jun-25,EQ,"32,250.00","32,290.00","31,480.00","32,290.00","31,540.00","31,575.00","31,708.77","39,088.80","25,921.60",13460,"42,68,00,045.00",5662
20-Jun-25,EQ,"32,375.00","32,620.00","32,150.00","32,375.00","32,200.00","32,290.00","32,345.51","39,088.80","25,921.60",23579,"76,26,74,700.00",7188
19-Jun-25,EQ,"32,480.00","32,795.00","32,205.00","32,390.00","32,400.00","32,375.00","32,506.15","39,088.80","25,921.60",20928,"68,02,88,780.00",7970
18-Jun-25,EQ,"32,105.00","32,585.00","32,105.00","32,215.00","32,400.00","32,390.00","32,388.13","39,088.80","25,921.60",15987,"51,77,89,080.00",8468
17-Jun-25,EQ,"32,370.00","32,395.00","32,000.00","32,280.00","32,105.00","32,215.00","32,202.61","39,088.80","25,921.60",10902,"35,10,72,875.00",5608
16-Jun-25,EQ,"31,695.00","32,375.00","31,405.00","31,585.00","32,290.00","32,280.00","32,065.66","39,088.80","25,921.60",21513,"68,98,28,490.00",8387
13-Jun-25,EQ,"31,100.00","31,730.00","30,945.00","31,520.00","31,600.00","31,585.00","31,405.83","39,088.80","25,921.60",12905,"40,52,92,225.00",6512
12-Jun-25,EQ,"31,800.00","31,940.00","31,440.00","31,895.00","31,500.00","31,520.00","31,735.32","39,088.80","25,921.60",9072,"28,79,02,810.00",4218
11-Jun-25,EQ,"31,550.00","31,945.00","31,520.00","31,545.00","31,880.00","31,895.00","31,804.48","39,088.80","25,921.60",9731,"30,94,89,415.00",4889
10-Jun-25,EQ,"31,690.00","31,970.00","31,450.00","31,690.00","31,470.00","31,545.00","31,679.18","39,088.80","25,921.60",21674,"68,66,14,530.00",6362
09-Jun-25,EQ,"31,605.00","31,880.00","31,605.00","31,595.00","31,650.00","31,690.00","31,709.26","39,088.80","25,921.60",18145,"57,53,64,605.00",6500
06-Jun-25,EQ,"31,625.00","31,730.00","31,320.00","31,455.00","31,550.00","31,595.00","31,556.40","39,088.80","25,921.60",29686,"93,67,83,155.00",4261
05-Jun-25,EQ,"31,680.00","31,680.00","31,250.00","31,415.00","31,400.00","31,455.00","31,490.63","39,088.80","25,921.60",62802,"1,97,76,74,610.00",5083
04-Jun-25,EQ,"31,550.00","31,840.00","31,300.00","31,355.00","31,330.00","31,415.00","31,553.24","39,088.80","25,921.60",55704,"1,75,76,41,855.00",17128
03-Jun-25,EQ,"31,360.00","31,560.00","31,195.00","31,230.00","31,300.00","31,355.00","31,346.06","39,088.80","25,921.60",10737,"33,65,62,595.00",5800
02-Jun-25,EQ,"31,450.00","31,520.00","31,080.00","31,415.00","31,210.00","31,230.00","31,287.45","39,088.80","25,921.60",14075,"44,03,70,865.00",7445
30-May-25,EQ,"31,450.00","32,015.00","31,010.00","31,255.00","31,385.00","31,415.00","31,393.53","39,088.80","25,921.60",51998,"1,63,24,00,600.00",19704
29-May-25,EQ,"31,640.00","31,885.00","31,165.00","31,630.00","31,250.00","31,255.00","31,457.60","39,088.80","25,921.60",17502,"55,05,70,905.00",8304
28-May-25,EQ,"32,440.00","32,440.00","31,200.00","32,485.00","31,605.00","31,630.00","31,515.89","39,088.80","25,921.60",79649,"2,51,02,09,485.00",29067
27-May-25,EQ,"32,510.00","32,610.00","32,315.00","32,485.00","32,610.00","32,485.00","32,466.37","39,088.80","25,921.60",21918,"71,15,97,850.00",9270
26-May-25,EQ,"32,130.00","32,705.00","31,870.00","32,130.00","32,450.00","32,485.00","32,324.45","39,088.80","25,921.60",22230,"71,85,72,590.00",10025
23-May-25,EQ,"31,845.00","32,195.00","31,610.00","31,740.00","32,095.00","32,130.00","32,005.98","39,088.80","25,921.60",10400,"33,28,62,140.00",4998
22-May-25,EQ,"31,655.00","31,895.00","31,305.00","31,655.00","31,840.00","31,740.00","31,577.69","39,088.80","25,921.60",10408,"32,86,60,560.00",4481
21-May-25,EQ,"31,515.00","31,850.00","31,250.00","31,515.00","31,625.00","31,655.00","31,654.72","39,088.80","25,921.60",14371,"45,49,09,935.00",6265
20-May-25,EQ,"31,800.00","32,000.00","31,455.00","31,560.00","31,460.00","31,515.00","31,670.02","39,088.80","25,921.60",25442,"80,57,48,740.00",7053
19-May-25,EQ,"31,635.00","32,080.00","31,450.00","31,655.00","31,625.00","31,560.00","31,710.44","39,088.80","25,921.60",19249,"61,03,94,210.00",6438
16-May-25,EQ,"31,730.00","31,885.00","31,470.00","31,730.00","31,670.00","31,655.00","31,658.35","39,088.80","25,921.60",18391,"58,22,28,725.00",7495
15-May-25,EQ,"31,590.00","31,820.00","31,305.00","31,420.00","31,680.00","31,730.00","31,590.56","39,088.80","25,921.60",24393,"77,05,88,630.00",7267
14-May-25,EQ,"31,045.00","31,755.00","31,045.00","31,145.00","31,755.00","31,420.00","31,456.60","39,088.80","25,921.60",19016,"59,81,78,795.00",8325
13-May-25,EQ,"31,115.00","31,325.00","31,005.00","31,005.00","31,165.00","31,145.00","31,145.30","39,088.80","25,921.60",18815,"58,59,98,880.00",6983
12-May-25,EQ,"30,680.00","31,085.00","30,420.00","30,000.00","30,890.00","31,005.00","30,857.46","39,088.80","25,921.60",14375,"44,35,76,055.00",6038
09-May-25,EQ,"29,865.00","30,235.00","29,560.00","30,010.00","30,045.00","30,000.00","29,929.77","39,088.80","25,921.60",19095,"57,15,08,990.00",9091
08-May-25,EQ,"30,510.00","30,755.00","29,780.00","30,475.00","29,915.00","30,010.00","30,360.28","39,088.80","25,921.60",17004,"51,62,46,140.00",8748
07-May-25,EQ,"29,585.00","30,850.00","29,425.00","29,915.00","30,360.00","30,475.00","30,473.27","39,088.80","25,921.60",26296,"80,13,25,035.00",12860
06-May-25,EQ,"30,475.00","30,600.00","29,800.00","30,365.00","29,835.00","29,915.00","30,156.23","39,088.80","25,921.60",15039,"45,35,19,530.00",7420
05-May-25,EQ,"29,750.00","30,570.00","29,595.00","29,580.00","30,390.00","30,365.00","30,079.31","39,088.80","25,921.60",21026,"63,24,47,600.00",10354
02-May-25,EQ,"29,595.00","29,940.00","29,340.00","29,455.00","29,450.00","29,580.00","29,606.67","39,088.80","25,921.60",14871,"44,02,80,840.00",7941
30-Apr-25,EQ,"29,195.00","29,685.00","29,065.00","29,165.00","29,230.00","29,455.00","29,447.60","39,088.80","25,921.60",30652,"90,26,27,840.00",10747
29-Apr-25,EQ,"28,465.00","29,250.00","28,395.00","28,315.00","29,250.00","29,165.00","29,017.97","39,088.80","25,921.60",34323,"99,59,83,955.00",15629
28-Apr-25,EQ,"27,860.00","28,395.00","27,860.00","27,995.00","28,340.00","28,315.00","28,198.69","39,088.80","25,921.60",12875,"36,30,58,070.00",6964
25-Apr-25,EQ,"28,355.00","28,625.00","27,850.00","28,430.00","28,050.00","27,995.00","28,040.73","39,088.80","25,921.60",29555,"82,87,43,915.00",12066
24-Apr-25,EQ,"28,415.00","28,600.00","28,200.00","28,415.00","28,420.00","28,430.00","28,378.34","39,088.80","25,921.60",19139,"54,31,33,075.00",8485
23-Apr-25,EQ,"28,200.00","28,600.00","27,915.00","28,020.00","28,300.00","28,415.00","28,186.41","39,088.80","25,921.60",18101,"51,02,02,280.00",8224
22-Apr-25,EQ,"27,900.00","28,350.00","27,655.00","27,800.00","27,960.00","28,020.00","27,920.19","39,088.80","25,921.60",20011,"55,87,11,010.00",7383
21-Apr-25,EQ,"27,600.00","27,930.00","27,515.00","27,505.00","27,860.00","27,800.00","27,775.90","39,088.80","25,921.60",13857,"38,48,90,680.00",5935
17-Apr-25,EQ,"27,485.00","27,580.00","27,025.00","27,370.00","27,490.00","27,505.00","27,394.18","39,088.80","25,921.60",10197,"27,93,38,415.00",5517
16-Apr-25,EQ,"27,090.00","27,485.00","27,030.00","27,090.00","27,400.00","27,370.00","27,311.42","39,088.80","25,921.60",13059,"35,66,59,780.00",6009
